bin_low,bin_high,number_residues,mean_rsa_monomer,mean_rsa_complex
0,10,12901,0.4316237690962321,0.19026398794267252
10,15,9835,0.43247817655632625,0.21186378468822917
15,20,6261,0.450848243681467,0.24847088060910044
20,25,3364,0.4758710941039438,0.2770261614798293
25,30,1686,0.4876861958233524,0.2916193281050322
30,35,881,0.4987616976341277,0.3085598038491153
35,45,650,0.504456359453713,0.3031420380680563
45,65,242,0.4919045618107491,0.2788993472367086
65,100,36,0.48729496561005475,0.31803156375750674
