bin_low,bin_high,number_residues,mean_rsa_monomer,mean_rsa_complex
0,10,9665,0.39672604448928783,0.136644276225644
10,15,10240,0.46459907839140946,0.21278895850208693
15,20,8164,0.49915596586360084,0.25003820514769515
20,25,4783,0.5153400658975953,0.2733742189642252
25,30,2429,0.5163773414940994,0.28445745157436175
30,40,1939,0.5086368740664579,0.28128556146338884
40,50,728,0.4888573862801981,0.24012150688712963
50,65,139,0.5162880118702362,0.31275712925241694
65,93,75,0.5629900579017106,0.35436178289999243
