bin_low,bin_high,number_residues,mean_rsa_monomer,mean_rsa_complex
0,0,184255,0.29507991041654,0.2716365827748129
0,2,5301,0.4261024729090281,0.27793543436595214
2,4,5648,0.45217853747434866,0.24548093868199958
4,6,4162,0.4953273002674715,0.20760837885427436
6,8,2684,0.5293732550003406,0.16663115971225748
8,10,1547,0.5816509690155985,0.12729649969762077
10,12,741,0.6230257463142677,0.1059599757815981
12,14,339,0.6546220981773383,0.0685256115448777
14,30,187,0.7325914514136399,0.05327938996255267
